stimulus_id,ev_num_run4,ev_num_run1,ev_num_run2,ev_num_run3,ev_num_run5
1,16,37,10,20,29
2,7,1,37,8,8
3,5,21,4,31,13
4,18,30,14,9,14
5,17,22,24,4,27
6,37,28,32,17,24
7,12,20,11,30,6
8,36,26,21,13,26
9,23,33,25,21,25
10,19,29,19,6,28
11,4,11,29,19,37
12,35,10,26,23,7
13,29,18,6,27,9
14,1,8,2,12,19
15,9,6,36,24,33
16,26,32,15,5,30
17,24,34,30,22,23
18,20,24,9,33,18
19,8,9,34,2,10
20,22,35,7,7,20
21,28,4,3,16,11
22,31,36,35,14,1
23,11,27,13,10,32
24,15,2,33,35,22
25,27,17,22,18,3
26,30,15,27,29,2
27,33,16,20,3,36
28,25,13,31,32,34
29,32,3,5,15,31
30,3,25,8,28,15
31,14,5,17,11,12
32,2,23,23,25,4
33,21,19,18,34,35
34,34,14,1,37,16
35,6,31,12,26,21
36,10,12,28,36,5
37,13,7,16,1,17
